{"m_projector2camera": [[-1.589776790288878, -1.0423014146156369, 264.4421972135351], [0.17222761279730173, -1.1583277040164364, 1131.6409784677653], [-7.060606613885135e-06, -0.0008149712154581087, 0.5687771774190914]], "m_camera2screen": [[1.3587985317850162, -0.4116889591335397, -81.17921360838125], [0.3680539718685993, 1.561012125442696, -558.8693658504756], [-5.7312608584475386e-05, -4.8798407916355034e-05, 1.0]], "l_circle_projector": [[53, 938], [32, 1047], [163, 927], [222, 1049]], "l_circle_camera": [[157, 321], [340, 925], [1370, 35], [1496, 617]], "l_circle_screen": [[0, 0], [0, 1080], [1920, 0], [1920, 1080]]}