{"m_projector2camera": [[1.104417817586702, 0.1605781823304383, -15.504927155835276], [-0.06809498172935086, 1.1380310392460586, 106.37439468058108], [-3.808527062390305e-05, 0.00021898131368084956, 1.1349701941086436]], "m_camera2screen": [[1.4395223433924176, -0.4284292688667908, -98.0074795459671], [0.40016373664742644, 1.6209335143252173, -599.7143064964692], [-2.4472057455011708e-05, -4.8315633046509284e-05, 1.0]], "l_circle_projector": [[459, 400], [525, 722], [1172, 258], [1297, 555]], "l_circle_camera": [[166, 329], [341, 917], [1365, 33], [1498, 622]], "l_circle_screen": [[0, 0], [0, 1080], [1920, 0], [1920, 1080]]}